ID,Title,Author,Genre,Published_Date
1,Synchronized directional emulation,Kerry Warren,Fantasy,12/03/72
2,Right-sized systematic benchmark,Michael Johnson,Romance,24/04/60
3,Automated uniform neural-net,Michael Johnson,Science Fiction,19/11/19
4,Open-source upward-trending open system,Michael Johnson,Mystery,30/07/09
5,Realigned 24hour knowledgebase,Kerry Warren,Mystery,05/06/89
6,Managed 5thgeneration forecast,Kerry Warren,Mystery,29/06/26
7,Devolved object-oriented extranet,Kerry Warren,Horror,05/01/43
8,Right-sized intangible time-frame,Michael Johnson,Thriller,14/09/30
9,Synergistic encompassing infrastructure,Michael Johnson,Thriller,04/05/24
10,Pre-emptive responsive time-frame,Danielle Lee,Romance,30/12/71
11,Cloned bottom-line instruction set,Danielle Lee,Mystery,27/07/47
12,Networked leadingedge service-desk,Kerry Warren,Romance,09/02/83
13,Ameliorated uniform projection,Kerry Warren,Horror,10/11/87
14,Object-based zero-defect data-warehouse,Danielle Lee,Science Fiction,25/11/67
15,Re-engineered tertiary success,Danielle Lee,Horror,02/03/54
16,Virtual 24/7 synergy,Michael Johnson,Horror,28/12/89
17,Realigned explicit flexibility,Michael Johnson,Fantasy,03/10/91
18,Implemented homogeneous matrices,Kerry Warren,Mystery,22/08/88
19,User-centric real-time time-frame,Andrew Adams,Horror,07/09/81
20,Inverse 5thgeneration monitoring,Danielle Lee,Thriller,04/06/54
21,Face-to-face radical functionalities,Kerry Warren,Thriller,03/10/56
22,Quality-focused disintermediate function,Michael Johnson,Horror,14/10/20
23,Ameliorated analyzing Graphic Interface,Michael Johnson,Romance,28/02/90
24,Innovative tertiary strategy,Danielle Lee,Romance,04/09/46
25,Optimized real-time complexity,Danielle Lee,Mystery,23/08/27
26,Re-contextualized asymmetric knowledge user,Danielle Lee,Romance,11/06/83
27,Progressive user-facing data-warehouse,Andrew Adams,Mystery,03/11/62
28,Re-contextualized discrete framework,Andrew Adams,Science Fiction,26/05/06
29,Fundamental 6thgeneration emulation,Danielle Lee,Thriller,26/04/46
30,Grass-roots responsive website,Michael Johnson,Thriller,26/01/01
31,Multi-lateral radical info-mediaries,Andrew Adams,Romance,30/01/42
32,Optimized 3rdgeneration orchestration,Danielle Lee,Thriller,12/01/71
33,Monitored local capacity,Danielle Lee,Fantasy,28/03/87
34,Upgradable high-level monitoring,Andrew Adams,Horror,09/04/28
35,Right-sized discrete Graphic Interface,Kerry Warren,Science Fiction,06/12/96
36,Reduced interactive contingency,Andrew Adams,Horror,24/05/53
37,Ameliorated demand-driven structure,Andrew Adams,Fantasy,25/11/46
38,Customer-focused heuristic artificial intelligence,Michael Johnson,Science Fiction,13/11/53
39,Object-based content-based neural-net,Andrew Adams,Horror,12/04/21
40,Sharable stable Graphic Interface,Danielle Lee,Science Fiction,29/10/46
41,Polarized non-volatile middleware,Kerry Warren,Fantasy,23/02/76
42,Profound optimizing monitoring,Michael Johnson,Romance,27/11/81
43,User-friendly client-server architecture,Michael Johnson,Romance,18/03/46
44,Robust full-range secured line,Kerry Warren,Horror,26/04/62
45,Visionary zero tolerance implementation,Danielle Lee,Horror,20/09/64
46,Integrated even-keeled moratorium,Kerry Warren,Thriller,19/03/63
47,Up-sized stable support,Michael Johnson,Mystery,17/04/12
48,Proactive holistic portal,Danielle Lee,Romance,29/04/63
49,Total analyzing leverage,Andrew Adams,Horror,16/09/13
50,Business-focused multimedia pricing structure,Kerry Warren,Science Fiction,01/06/83
51,Virtual responsive hierarchy,Danielle Lee,Mystery,29/06/84
52,Advanced transitional encoding,Danielle Lee,Science Fiction,15/10/35
53,Compatible tertiary productivity,Andrew Adams,Science Fiction,16/10/33
54,Exclusive real-time infrastructure,Michael Johnson,Horror,07/01/88
55,Adaptive executive leverage,Andrew Adams,Fantasy,12/03/77
56,Persevering regional concept,Kerry Warren,Science Fiction,06/08/77
57,Pre-emptive multi-state capability,Danielle Lee,Fantasy,10/09/78
58,Vision-oriented intermediate functionalities,Andrew Adams,Romance,05/01/58
59,Virtual multi-state capability,Michael Johnson,Romance,26/01/20
60,Right-sized real-time definition,Kerry Warren,Science Fiction,19/12/84
61,Front-line user-facing encoding,Andrew Adams,Mystery,03/01/64
62,Implemented non-volatile system engine,Andrew Adams,Science Fiction,19/10/74
63,Vision-oriented global firmware,Kerry Warren,Thriller,19/09/61
64,Networked dynamic firmware,Michael Johnson,Horror,12/03/93
65,Open-architected intangible help-desk,Andrew Adams,Horror,05/01/75
66,Assimilated coherent definition,Andrew Adams,Horror,19/07/28
67,Inverse 24/7 extranet,Michael Johnson,Mystery,03/11/97
68,Seamless discrete forecast,Michael Johnson,Romance,20/07/32
69,Advanced full-range encryption,Danielle Lee,Mystery,03/01/26
70,Quality-focused hybrid ability,Michael Johnson,Horror,19/05/47
71,Persistent analyzing circuit,Michael Johnson,Thriller,12/02/56
72,Up-sized real-time standardization,Danielle Lee,Horror,10/04/18
73,Progressive bifurcated database,Andrew Adams,Science Fiction,26/04/78
74,Intuitive fault-tolerant process improvement,Michael Johnson,Mystery,28/01/56
75,Mandatory intangible hub,Andrew Adams,Fantasy,01/07/88
76,Centralized maximized encoding,Danielle Lee,Science Fiction,28/03/89
77,Secured maximized hierarchy,Andrew Adams,Science Fiction,11/10/30
78,Reactive uniform project,Danielle Lee,Romance,18/10/57
79,Profound 6thgeneration toolset,Andrew Adams,Horror,15/07/78
80,Switchable empowering superstructure,Michael Johnson,Horror,30/04/28
81,Optional static project,Andrew Adams,Romance,26/12/62
82,Seamless empowering architecture,Kerry Warren,Science Fiction,05/06/01
83,Upgradable tertiary open architecture,Kerry Warren,Science Fiction,12/07/79
84,Reduced value-added superstructure,Andrew Adams,Romance,22/04/47
85,Enhanced leadingedge firmware,Andrew Adams,Fantasy,08/10/96
86,Business-focused fresh-thinking installation,Kerry Warren,Thriller,05/04/94
87,User-centric local Graphic Interface,Andrew Adams,Romance,14/01/94
88,Visionary directional conglomeration,Kerry Warren,Mystery,23/07/30
89,Secured maximized database,Kerry Warren,Romance,20/07/62
90,Fundamental disintermediate open system,Michael Johnson,Horror,02/01/93
91,Fundamental radical project,Danielle Lee,Romance,30/12/34
92,Self-enabling context-sensitive open architecture,Danielle Lee,Romance,03/05/83
93,Cross-platform 6thgeneration benchmark,Danielle Lee,Science Fiction,14/05/42
94,Multi-tiered scalable contingency,Andrew Adams,Mystery,01/05/53
95,Profound directional migration,Michael Johnson,Science Fiction,06/11/82
96,Compatible multi-tasking definition,Danielle Lee,Thriller,29/07/85
97,Pre-emptive homogeneous throughput,Michael Johnson,Thriller,03/10/75
98,Fully-configurable bottom-line parallelism,Michael Johnson,Thriller,07/04/12
99,Profit-focused cohesive toolset,Kerry Warren,Science Fiction,10/06/62
100,Quality-focused 6thgeneration data-warehouse,Danielle Lee,Science Fiction,04/05/67
101,Total interactive matrix,Michael Johnson,Fantasy,18/06/19
102,Re-engineered 24hour project,Danielle Lee,Horror,19/05/79
103,Seamless optimizing secured line,Andrew Adams,Romance,30/07/92
104,Inverse homogeneous architecture,Kerry Warren,Romance,15/06/16
105,Versatile solution-oriented parallelism,Andrew Adams,Fantasy,18/11/80
106,Ameliorated actuating service-desk,Danielle Lee,Romance,25/06/37
107,Innovative contextually-based flexibility,Kerry Warren,Fantasy,16/11/32
108,Virtual holistic synergy,Kerry Warren,Romance,30/05/17
109,Cloned logistical archive,Kerry Warren,Thriller,12/09/60
110,Multi-layered clear-thinking challenge,Andrew Adams,Mystery,20/09/09
111,Advanced multimedia solution,Andrew Adams,Fantasy,21/09/15
112,Ergonomic solution-oriented installation,Danielle Lee,Thriller,13/02/25
113,Down-sized optimizing parallelism,Danielle Lee,Thriller,26/09/04
114,Persevering dynamic archive,Andrew Adams,Mystery,01/04/31
115,Phased tangible utilization,Michael Johnson,Science Fiction,18/01/50
116,Fully-configurable bi-directional solution,Kerry Warren,Romance,02/12/17
117,Phased asynchronous system engine,Kerry Warren,Horror,01/05/34
118,Advanced leadingedge matrix,Michael Johnson,Romance,21/01/85
119,De-engineered discrete toolset,Andrew Adams,Mystery,31/08/34
120,Multi-tiered demand-driven encryption,Kerry Warren,Mystery,11/02/24
121,User-centric zero administration focus group,Kerry Warren,Fantasy,20/06/85
122,Proactive encompassing info-mediaries,Kerry Warren,Fantasy,02/02/55
123,Horizontal homogeneous groupware,Danielle Lee,Thriller,08/06/93
124,Digitized mobile capability,Danielle Lee,Science Fiction,06/11/24
125,Visionary neutral approach,Michael Johnson,Romance,16/08/44
126,Synergized actuating middleware,Andrew Adams,Mystery,04/04/35
127,Cross-platform composite challenge,Kerry Warren,Fantasy,17/03/09
128,Multi-tiered high-level knowledge user,Danielle Lee,Thriller,19/07/92
129,Optional leadingedge task-force,Michael Johnson,Thriller,22/09/69
130,Adaptive user-facing hub,Andrew Adams,Science Fiction,07/06/35
131,Vision-oriented 5thgeneration data-warehouse,Michael Johnson,Horror,23/09/22
132,Robust demand-driven orchestration,Michael Johnson,Fantasy,23/10/83
133,Versatile disintermediate alliance,Andrew Adams,Horror,03/01/14
134,Balanced composite focus group,Kerry Warren,Romance,03/01/35
135,Expanded client-driven superstructure,Andrew Adams,Horror,24/05/83
136,Polarized real-time analyzer,Andrew Adams,Mystery,02/01/43
137,Devolved asynchronous data-warehouse,Danielle Lee,Science Fiction,16/05/04
138,Re-contextualized real-time system engine,Michael Johnson,Romance,19/11/40
139,Networked stable toolset,Michael Johnson,Science Fiction,17/03/72
140,User-friendly multi-tasking monitoring,Andrew Adams,Fantasy,24/04/94
141,Cross-platform solution-oriented artificial intelligence,Michael Johnson,Romance,25/08/71
142,Persevering bifurcated Graphical User Interface,Michael Johnson,Fantasy,12/10/92
143,Diverse multi-state conglomeration,Kerry Warren,Fantasy,02/06/20
144,Multi-channeled 24/7 secured line,Michael Johnson,Fantasy,17/12/02
145,Seamless interactive solution,Andrew Adams,Romance,20/03/17
146,Digitized neutral frame,Michael Johnson,Fantasy,28/12/21
147,Triple-buffered tangible application,Michael Johnson,Fantasy,12/05/10
148,Team-oriented scalable initiative,Danielle Lee,Horror,14/05/31
149,Stand-alone optimizing website,Michael Johnson,Science Fiction,23/03/10
150,Front-line attitude-oriented knowledgebase,Andrew Adams,Romance,17/10/42
151,Distributed cohesive artificial intelligence,Michael Johnson,Horror,09/08/23
152,Assimilated optimizing website,Michael Johnson,Romance,14/04/97
153,Synergistic radical synergy,Michael Johnson,Science Fiction,03/02/55
154,Networked optimal software,Danielle Lee,Thriller,17/08/84
155,Assimilated intangible approach,Kerry Warren,Science Fiction,26/01/88
156,Front-line 5thgeneration frame,Michael Johnson,Romance,02/05/57
157,Inverse executive structure,Danielle Lee,Fantasy,06/04/83
158,Face-to-face background budgetary management,Michael Johnson,Romance,15/11/63
159,Distributed mobile workforce,Michael Johnson,Mystery,05/11/17
160,Upgradable radical archive,Andrew Adams,Romance,16/12/95
161,Multi-lateral tertiary projection,Danielle Lee,Horror,20/10/19
162,Ameliorated directional leverage,Kerry Warren,Mystery,18/07/58
163,Realigned optimal interface,Danielle Lee,Horror,01/06/25
164,Public-key optimal access,Danielle Lee,Horror,03/09/35
165,Robust 5thgeneration open architecture,Michael Johnson,Mystery,29/03/14
166,Streamlined solution-oriented utilization,Danielle Lee,Horror,30/06/67
167,Robust local moratorium,Danielle Lee,Thriller,01/10/46
168,Organic non-volatile adapter,Danielle Lee,Science Fiction,29/11/48
169,Reactive non-volatile projection,Danielle Lee,Romance,21/08/86
170,Cloned fresh-thinking core,Danielle Lee,Romance,29/11/50
171,Universal asymmetric protocol,Michael Johnson,Romance,16/03/31
172,Assimilated human-resource adapter,Danielle Lee,Thriller,16/04/29
173,Triple-buffered composite matrices,Michael Johnson,Science Fiction,30/11/86
174,Adaptive transitional encryption,Andrew Adams,Mystery,02/12/18
175,Managed national flexibility,Danielle Lee,Horror,01/05/56
176,Monitored zero-defect attitude,Andrew Adams,Science Fiction,23/06/30
177,Horizontal content-based info-mediaries,Kerry Warren,Horror,05/06/37
178,Face-to-face radical Graphic Interface,Kerry Warren,Horror,24/08/29
179,Persevering encompassing project,Michael Johnson,Fantasy,16/08/91
180,Focused background interface,Andrew Adams,Romance,27/03/97
181,Progressive intermediate forecast,Kerry Warren,Mystery,04/03/69
182,Profit-focused tertiary productivity,Michael Johnson,Thriller,02/10/54
183,Mandatory user-facing model,Michael Johnson,Romance,14/08/67
184,Front-line upward-trending capability,Danielle Lee,Horror,20/07/40
185,Fully-configurable content-based matrices,Michael Johnson,Horror,18/10/46
186,Cross-group directional protocol,Andrew Adams,Horror,14/01/27
187,Multi-lateral bifurcated monitoring,Andrew Adams,Thriller,12/07/31
188,Focused fresh-thinking interface,Andrew Adams,Horror,18/11/27
189,Optional 3rdgeneration database,Michael Johnson,Horror,09/06/48
190,Face-to-face optimizing groupware,Danielle Lee,Mystery,21/12/76
191,Enterprise-wide mission-critical Internet solution,Andrew Adams,Romance,07/04/78
192,Reverse-engineered solution-oriented encryption,Michael Johnson,Science Fiction,21/09/21
193,Object-based even-keeled moratorium,Michael Johnson,Science Fiction,07/03/20
194,Polarized high-level benchmark,Michael Johnson,Fantasy,14/04/96
195,Quality-focused multimedia hierarchy,Danielle Lee,Horror,11/01/33
196,Enhanced global application,Michael Johnson,Fantasy,11/02/92
197,Business-focused composite portal,Michael Johnson,Romance,31/07/91
198,Grass-roots coherent circuit,Danielle Lee,Fantasy,13/12/89
199,Future-proofed needs-based secured line,Danielle Lee,Fantasy,15/10/73
200,Organized transitional software,Andrew Adams,Fantasy,12/05/33
201,Seamless demand-driven productivity,Kerry Warren,Romance,09/06/63
202,Total multi-state model,Kerry Warren,Romance,09/07/05
203,Centralized transitional strategy,Michael Johnson,Thriller,28/07/56
204,Triple-buffered human-resource Graphical User Interface,Kerry Warren,Horror,18/08/98
205,Switchable coherent infrastructure,Danielle Lee,Mystery,04/04/59
206,Multi-tiered 24hour throughput,Kerry Warren,Thriller,08/06/92
207,Vision-oriented background array,Danielle Lee,Horror,27/09/66
208,Expanded 24hour task-force,Danielle Lee,Thriller,28/06/54
209,Sharable encompassing hardware,Andrew Adams,Horror,20/06/07
210,Organized object-oriented throughput,Kerry Warren,Mystery,26/10/31
211,Networked full-range workforce,Danielle Lee,Thriller,13/05/21
212,Cross-group 5thgeneration utilization,Danielle Lee,Mystery,18/10/29
213,Mandatory eco-centric website,Danielle Lee,Romance,27/05/74
214,Open-architected bifurcated process improvement,Michael Johnson,Romance,16/09/04
215,Self-enabling stable Graphic Interface,Kerry Warren,Fantasy,11/02/31
216,Proactive bottom-line extranet,Andrew Adams,Romance,27/12/42
217,Streamlined zero-defect service-desk,Danielle Lee,Romance,01/03/66
218,Fundamental intangible conglomeration,Michael Johnson,Horror,14/11/10
219,Multi-tiered systematic hardware,Michael Johnson,Romance,06/07/27
220,Configurable optimizing flexibility,Andrew Adams,Mystery,15/08/32
221,Versatile global definition,Andrew Adams,Fantasy,12/10/96
222,Progressive responsive strategy,Andrew Adams,Romance,08/05/15
223,Optional dedicated middleware,Kerry Warren,Fantasy,18/11/55
224,Distributed mobile implementation,Kerry Warren,Mystery,21/04/05
225,Horizontal optimizing standardization,Andrew Adams,Horror,19/12/03
226,Operative leadingedge installation,Danielle Lee,Horror,18/08/92
227,Configurable impactful website,Andrew Adams,Horror,14/04/52
228,Fundamental national product,Danielle Lee,Horror,13/12/14
229,Distributed systemic attitude,Andrew Adams,Mystery,25/10/29
230,Up-sized value-added core,Danielle Lee,Horror,22/02/50
231,Fundamental analyzing process improvement,Andrew Adams,Thriller,26/03/07
232,Open-source user-facing interface,Michael Johnson,Romance,01/04/12
233,Object-based global parallelism,Kerry Warren,Mystery,25/11/84
234,Re-contextualized directional moderator,Andrew Adams,Science Fiction,22/11/82
235,Reverse-engineered discrete info-mediaries,Michael Johnson,Horror,05/05/57
236,Total zero-defect time-frame,Andrew Adams,Fantasy,23/06/81
237,Team-oriented static flexibility,Kerry Warren,Horror,18/12/55
238,Stand-alone high-level Internet solution,Kerry Warren,Thriller,24/11/18
239,Future-proofed 5thgeneration circuit,Danielle Lee,Science Fiction,24/06/25
240,Multi-channeled scalable secured line,Kerry Warren,Romance,26/05/40
241,Polarized hybrid Internet solution,Michael Johnson,Mystery,05/09/76
242,Cross-group homogeneous matrix,Danielle Lee,Romance,26/10/31
243,Adaptive zero administration project,Danielle Lee,Mystery,27/12/46
244,Fundamental responsive info-mediaries,Michael Johnson,Mystery,06/01/70
245,Automated web-enabled implementation,Danielle Lee,Romance,17/04/64
246,Enhanced tangible matrix,Michael Johnson,Science Fiction,01/10/38
247,Optional impactful software,Andrew Adams,Science Fiction,29/07/25
248,Visionary executive service-desk,Danielle Lee,Horror,13/09/33
249,Re-engineered methodical projection,Danielle Lee,Horror,18/06/95
250,Visionary dedicated algorithm,Kerry Warren,Mystery,18/05/55
251,Reduced 6thgeneration policy,Kerry Warren,Horror,17/03/61
252,Face-to-face interactive flexibility,Andrew Adams,Mystery,01/09/01
253,Compatible impactful customer loyalty,Kerry Warren,Mystery,02/11/41
254,Advanced intangible extranet,Michael Johnson,Science Fiction,14/12/34
255,Cross-platform cohesive migration,Danielle Lee,Science Fiction,03/05/74
256,User-centric context-sensitive knowledge user,Kerry Warren,Romance,28/10/52
257,Persistent tangible success,Kerry Warren,Romance,15/10/17
258,Balanced actuating Graphical User Interface,Andrew Adams,Horror,29/10/90
259,Organic heuristic monitoring,Andrew Adams,Science Fiction,03/02/56
260,Optimized eco-centric strategy,Michael Johnson,Fantasy,08/10/84
261,Customer-focused heuristic time-frame,Danielle Lee,Fantasy,29/10/96
262,Synergized modular approach,Andrew Adams,Mystery,24/10/57
263,Persevering radical open architecture,Andrew Adams,Horror,18/06/95
264,Synergistic stable Graphic Interface,Michael Johnson,Thriller,30/11/65
265,Programmable coherent paradigm,Danielle Lee,Fantasy,01/11/00
266,Balanced executive task-force,Michael Johnson,Science Fiction,07/04/97
267,Visionary global architecture,Danielle Lee,Mystery,14/07/99
268,Open-architected heuristic approach,Andrew Adams,Fantasy,26/01/65
269,Polarized actuating extranet,Danielle Lee,Horror,14/08/53
270,Compatible 24/7 workforce,Danielle Lee,Mystery,22/09/03
271,Right-sized methodical protocol,Andrew Adams,Thriller,11/08/95
272,Synergistic mission-critical workforce,Michael Johnson,Science Fiction,06/11/34
273,Seamless bottom-line task-force,Michael Johnson,Fantasy,28/07/59
274,Multi-lateral user-facing complexity,Danielle Lee,Romance,03/02/03
275,Managed solution-oriented alliance,Michael Johnson,Horror,04/04/11
276,Organic modular throughput,Andrew Adams,Horror,15/01/94
277,Open-source bi-directional policy,Kerry Warren,Science Fiction,03/09/27
278,Profound optimizing paradigm,Kerry Warren,Thriller,04/08/45
279,Synergized foreground workforce,Danielle Lee,Fantasy,10/03/95
280,Versatile transitional instruction set,Kerry Warren,Horror,04/09/36
281,Open-source incremental productivity,Andrew Adams,Science Fiction,18/12/05
282,Secured regional structure,Danielle Lee,Thriller,03/03/93
283,Robust stable solution,Danielle Lee,Fantasy,10/01/29
284,Re-engineered asymmetric success,Andrew Adams,Fantasy,25/08/34
285,Public-key user-facing synergy,Michael Johnson,Fantasy,09/06/04
286,Secured global throughput,Andrew Adams,Horror,09/07/09
287,Progressive 6thgeneration infrastructure,Andrew Adams,Thriller,24/07/02
288,Re-contextualized needs-based synergy,Danielle Lee,Romance,10/05/46
289,Balanced scalable monitoring,Andrew Adams,Romance,03/07/92
290,Seamless systematic projection,Kerry Warren,Fantasy,21/01/80
291,User-centric solution-oriented emulation,Michael Johnson,Mystery,11/10/47
292,Visionary maximized matrices,Kerry Warren,Horror,29/05/26
293,Operative responsive extranet,Andrew Adams,Thriller,08/10/60
294,Multi-channeled demand-driven focus group,Michael Johnson,Science Fiction,05/10/96
295,Optional coherent portal,Michael Johnson,Thriller,18/06/21
296,Face-to-face multi-tasking synergy,Michael Johnson,Science Fiction,07/03/08
297,Exclusive zero administration complexity,Kerry Warren,Romance,14/08/01
298,Fully-configurable optimal flexibility,Michael Johnson,Science Fiction,22/10/48
299,Intuitive hybrid knowledge user,Andrew Adams,Science Fiction,06/11/93
300,Phased web-enabled functionalities,Michael Johnson,Science Fiction,08/04/53
301,Polarized 3rdgeneration methodology,Michael Johnson,Romance,11/04/52
302,Reactive regional migration,Kerry Warren,Fantasy,31/10/48
303,Focused zero-defect help-desk,Michael Johnson,Romance,12/08/71
304,Team-oriented dedicated info-mediaries,Andrew Adams,Horror,29/11/48
305,Proactive 24hour instruction set,Danielle Lee,Horror,21/11/81
306,Customer-focused 24/7 matrices,Danielle Lee,Science Fiction,24/04/77
307,Quality-focused bandwidth-monitored workforce,Danielle Lee,Mystery,24/12/35
308,Optional demand-driven focus group,Andrew Adams,Fantasy,13/01/54
309,Down-sized impactful analyzer,Danielle Lee,Fantasy,07/08/58
310,Business-focused clear-thinking hierarchy,Michael Johnson,Mystery,26/07/21
311,Diverse reciprocal strategy,Michael Johnson,Fantasy,03/09/05
312,Synergized logistical hardware,Danielle Lee,Horror,09/02/87
313,Sharable fault-tolerant archive,Andrew Adams,Thriller,15/03/71
314,Monitored bandwidth-monitored utilization,Kerry Warren,Fantasy,15/02/60
315,Re-contextualized full-range array,Michael Johnson,Horror,25/06/87
316,Enterprise-wide discrete groupware,Michael Johnson,Fantasy,14/11/04
317,Fundamental content-based synergy,Andrew Adams,Thriller,05/06/65
318,Horizontal tangible Internet solution,Danielle Lee,Thriller,24/06/18
319,Cross-group content-based paradigm,Michael Johnson,Fantasy,27/09/19
320,Progressive clear-thinking solution,Michael Johnson,Fantasy,01/12/57
321,Assimilated systematic ability,Andrew Adams,Thriller,30/04/67
322,Down-sized intermediate forecast,Michael Johnson,Thriller,15/12/11
323,Self-enabling composite knowledgebase,Michael Johnson,Thriller,17/04/63
324,Robust cohesive open system,Michael Johnson,Fantasy,19/09/01
325,Assimilated stable circuit,Andrew Adams,Romance,21/03/19
326,Advanced bifurcated installation,Michael Johnson,Fantasy,07/05/14
327,Organized 6thgeneration Graphical User Interface,Kerry Warren,Thriller,21/06/40
328,Down-sized human-resource installation,Kerry Warren,Science Fiction,04/02/30
329,Cross-platform human-resource monitoring,Kerry Warren,Fantasy,06/03/11
330,Multi-layered mobile knowledgebase,Kerry Warren,Fantasy,05/06/76
331,Function-based solution-oriented standardization,Kerry Warren,Thriller,11/11/32
332,Enterprise-wide transitional migration,Michael Johnson,Mystery,26/10/13
333,Reverse-engineered user-facing application,Michael Johnson,Romance,18/04/64
334,Quality-focused logistical project,Kerry Warren,Science Fiction,28/11/07
335,Expanded incremental Internet solution,Danielle Lee,Romance,02/09/97
336,Enhanced composite synergy,Michael Johnson,Fantasy,12/02/50
337,Switchable tertiary time-frame,Danielle Lee,Thriller,15/09/33
338,Face-to-face needs-based circuit,Andrew Adams,Horror,19/05/27
339,Re-contextualized client-driven installation,Andrew Adams,Romance,28/06/43
340,Reduced coherent solution,Andrew Adams,Thriller,07/12/02
341,Fully-configurable content-based task-force,Kerry Warren,Horror,27/11/62
342,Programmable zero tolerance function,Andrew Adams,Horror,25/10/09
343,Fully-configurable grid-enabled standardization,Andrew Adams,Fantasy,21/03/28
344,Re-contextualized web-enabled collaboration,Michael Johnson,Fantasy,23/11/22
345,Devolved static access,Andrew Adams,Mystery,22/10/53
346,Public-key radical capability,Michael Johnson,Fantasy,04/08/37
347,Upgradable responsive hub,Michael Johnson,Science Fiction,20/06/64
348,Distributed didactic core,Kerry Warren,Thriller,02/08/80
349,Face-to-face impactful Graphical User Interface,Andrew Adams,Horror,22/01/25
350,Polarized local firmware,Michael Johnson,Thriller,14/07/28
351,Fundamental homogeneous Local Area Network,Kerry Warren,Mystery,09/12/19
352,Compatible bandwidth-monitored monitoring,Michael Johnson,Thriller,07/12/66
353,Re-contextualized value-added adapter,Andrew Adams,Science Fiction,03/07/45
354,Future-proofed reciprocal capability,Danielle Lee,Romance,22/11/96
355,Adaptive bifurcated collaboration,Danielle Lee,Fantasy,27/08/01
356,Balanced eco-centric moderator,Danielle Lee,Fantasy,02/09/31
357,Progressive high-level Local Area Network,Kerry Warren,Horror,22/08/55
358,Intuitive leadingedge hub,Andrew Adams,Thriller,17/05/86
359,User-centric bandwidth-monitored function,Andrew Adams,Horror,09/03/67
360,Reverse-engineered 24/7 projection,Danielle Lee,Mystery,26/04/93
361,Team-oriented 4thgeneration infrastructure,Danielle Lee,Thriller,10/08/05
362,Upgradable asynchronous Internet solution,Danielle Lee,Mystery,13/12/92
363,Quality-focused modular info-mediaries,Kerry Warren,Fantasy,08/10/44
364,Function-based exuding matrix,Danielle Lee,Thriller,21/12/87
365,Reactive 24hour encryption,Michael Johnson,Thriller,06/09/13
366,Multi-channeled motivating capacity,Kerry Warren,Horror,21/06/91
367,Public-key logistical ability,Michael Johnson,Thriller,11/01/49
368,Organic static parallelism,Danielle Lee,Fantasy,22/10/71
369,Re-engineered contextually-based approach,Andrew Adams,Mystery,02/11/35
370,Stand-alone dynamic software,Danielle Lee,Fantasy,16/10/50
371,Multi-channeled executive time-frame,Kerry Warren,Mystery,28/06/70
372,Robust encompassing structure,Andrew Adams,Horror,22/11/67
373,Public-key discrete help-desk,Kerry Warren,Romance,15/05/90
374,Self-enabling heuristic methodology,Danielle Lee,Romance,30/01/60
375,Public-key 24hour support,Kerry Warren,Romance,12/02/19
376,Fundamental dedicated middleware,Andrew Adams,Romance,29/06/81
377,Innovative solution-oriented toolset,Andrew Adams,Science Fiction,19/06/85
378,Multi-layered systematic matrix,Michael Johnson,Horror,10/12/90
379,Team-oriented even-keeled throughput,Kerry Warren,Romance,20/01/55
380,Reduced systematic projection,Kerry Warren,Thriller,25/11/12
381,Reduced composite info-mediaries,Kerry Warren,Thriller,28/06/37
382,Polarized incremental orchestration,Andrew Adams,Fantasy,27/03/29
383,Open-architected incremental definition,Michael Johnson,Science Fiction,24/09/68
384,Reduced background monitoring,Danielle Lee,Romance,09/11/59
385,Decentralized client-server service-desk,Danielle Lee,Mystery,13/12/43
386,Function-based leadingedge policy,Andrew Adams,Mystery,14/02/91
387,Cloned fresh-thinking website,Andrew Adams,Science Fiction,05/12/39
388,Robust interactive interface,Michael Johnson,Fantasy,25/11/28
389,Re-contextualized multi-state open system,Danielle Lee,Science Fiction,13/09/08
390,Function-based fault-tolerant model,Michael Johnson,Horror,25/03/27
391,Right-sized mission-critical parallelism,Kerry Warren,Mystery,29/07/16
392,Visionary global application,Kerry Warren,Science Fiction,19/01/23
393,Enterprise-wide global software,Andrew Adams,Science Fiction,20/02/92
394,Organic next generation leverage,Danielle Lee,Mystery,16/04/19
395,Triple-buffered systematic superstructure,Kerry Warren,Science Fiction,03/08/97
396,Balanced contextually-based project,Andrew Adams,Romance,09/08/18
397,Synchronized disintermediate strategy,Michael Johnson,Thriller,14/01/21
398,Programmable contextually-based budgetary management,Danielle Lee,Mystery,25/09/47
399,Sharable user-facing open architecture,Andrew Adams,Fantasy,23/10/49
400,Robust local policy,Andrew Adams,Romance,23/08/58
401,Pre-emptive tangible concept,Michael Johnson,Romance,11/11/60
402,Operative leadingedge functionalities,Michael Johnson,Mystery,09/02/93
403,Enterprise-wide holistic service-desk,Danielle Lee,Romance,22/10/41
404,Synchronized composite portal,Andrew Adams,Mystery,21/10/22
405,Right-sized cohesive complexity,Danielle Lee,Fantasy,04/07/40
406,Mandatory homogeneous open architecture,Danielle Lee,Mystery,02/01/01
407,Business-focused executive benchmark,Andrew Adams,Fantasy,02/10/40
408,Persistent zero administration instruction set,Kerry Warren,Thriller,08/07/12
409,Virtual intermediate throughput,Kerry Warren,Fantasy,24/11/31
410,Adaptive human-resource analyzer,Michael Johnson,Fantasy,31/12/20
411,Mandatory exuding circuit,Danielle Lee,Science Fiction,21/06/14
412,Ameliorated intermediate contingency,Kerry Warren,Thriller,01/06/16
413,Multi-tiered national initiative,Michael Johnson,Horror,01/04/24
414,Organic neutral utilization,Kerry Warren,Romance,20/04/88
415,Assimilated stable adapter,Kerry Warren,Horror,10/02/63
416,Profound 24/7 frame,Kerry Warren,Thriller,12/03/01
417,Profound user-facing collaboration,Michael Johnson,Mystery,01/08/53
418,Vision-oriented eco-centric circuit,Danielle Lee,Science Fiction,19/03/64
419,Ameliorated attitude-oriented capability,Andrew Adams,Mystery,12/06/86
420,Ameliorated content-based firmware,Andrew Adams,Romance,10/09/11
421,Automated intangible hardware,Kerry Warren,Horror,21/02/67
422,Vision-oriented composite Internet solution,Andrew Adams,Horror,25/06/15
423,Balanced well-modulated monitoring,Danielle Lee,Fantasy,07/03/08
424,Balanced intangible task-force,Danielle Lee,Mystery,08/09/90
425,Horizontal neutral projection,Danielle Lee,Fantasy,25/08/34
426,Upgradable 3rdgeneration project,Andrew Adams,Fantasy,30/01/64
427,Multi-lateral uniform data-warehouse,Michael Johnson,Mystery,28/12/63
428,Future-proofed transitional throughput,Kerry Warren,Romance,14/07/20
429,Cross-platform dynamic interface,Danielle Lee,Fantasy,15/05/71
430,Down-sized high-level conglomeration,Michael Johnson,Horror,20/05/93
431,Intuitive scalable implementation,Andrew Adams,Thriller,11/11/43
432,Pre-emptive eco-centric pricing structure,Andrew Adams,Mystery,20/02/61
433,Reverse-engineered well-modulated archive,Andrew Adams,Fantasy,08/04/75
434,Realigned intermediate alliance,Danielle Lee,Horror,11/01/73
435,Object-based web-enabled orchestration,Andrew Adams,Fantasy,24/07/28
436,Versatile multi-tasking challenge,Danielle Lee,Thriller,22/03/13
437,Right-sized mobile array,Kerry Warren,Horror,14/04/17
438,Team-oriented tangible hierarchy,Andrew Adams,Mystery,25/11/02
439,Multi-channeled impactful migration,Andrew Adams,Romance,03/04/78
440,Re-contextualized high-level matrix,Danielle Lee,Horror,27/12/21
441,De-engineered 6thgeneration task-force,Andrew Adams,Mystery,18/07/58
442,De-engineered well-modulated Graphical User Interface,Andrew Adams,Fantasy,16/03/69
443,Profit-focused tangible open system,Andrew Adams,Mystery,06/01/53
444,Focused local conglomeration,Danielle Lee,Thriller,01/10/43
445,Inverse high-level secured line,Kerry Warren,Horror,23/08/86
446,Extended optimal synergy,Kerry Warren,Thriller,21/01/69
447,User-centric dedicated methodology,Kerry Warren,Horror,09/03/24
448,Fully-configurable intermediate standardization,Andrew Adams,Mystery,28/02/26
449,Down-sized bandwidth-monitored portal,Andrew Adams,Romance,20/07/93
450,Reactive needs-based ability,Danielle Lee,Thriller,15/08/03
451,Upgradable bi-directional neural-net,Andrew Adams,Thriller,08/02/40
452,Self-enabling next generation conglomeration,Michael Johnson,Fantasy,02/09/58
453,Proactive intermediate ability,Andrew Adams,Mystery,08/05/63
454,Intuitive next generation flexibility,Michael Johnson,Thriller,11/01/12
455,Streamlined disintermediate definition,Michael Johnson,Thriller,02/10/47
456,Centralized 5thgeneration conglomeration,Kerry Warren,Fantasy,17/12/67
457,Secured zero administration throughput,Danielle Lee,Horror,24/02/15
458,Assimilated responsive functionalities,Michael Johnson,Romance,02/08/82
459,Centralized composite knowledge user,Kerry Warren,Mystery,30/07/97
460,Self-enabling modular data-warehouse,Danielle Lee,Fantasy,15/04/99
461,Synergistic well-modulated superstructure,Andrew Adams,Science Fiction,25/05/54
462,Profit-focused maximized open architecture,Michael Johnson,Romance,30/11/41
463,Organized non-volatile service-desk,Michael Johnson,Romance,06/10/69
464,Reduced uniform utilization,Danielle Lee,Mystery,22/03/53
465,Synergized background parallelism,Danielle Lee,Fantasy,15/03/35
466,Secured 24/7 flexibility,Michael Johnson,Horror,21/10/31
467,Function-based global data-warehouse,Andrew Adams,Thriller,30/06/30
468,Team-oriented client-driven alliance,Andrew Adams,Fantasy,10/04/99
469,Reverse-engineered multi-state intranet,Danielle Lee,Fantasy,12/06/87
470,Triple-buffered multi-state paradigm,Andrew Adams,Mystery,15/07/60
471,Devolved maximized customer loyalty,Danielle Lee,Fantasy,12/01/75
472,Persistent bifurcated policy,Kerry Warren,Fantasy,08/08/22
473,Versatile discrete encoding,Michael Johnson,Science Fiction,25/02/46
474,Decentralized object-oriented concept,Michael Johnson,Fantasy,13/10/85
475,Synergized zero-defect archive,Danielle Lee,Science Fiction,15/04/64
476,Multi-layered zero-defect alliance,Andrew Adams,Romance,21/08/25
477,Intuitive intermediate archive,Andrew Adams,Mystery,13/12/05
478,Integrated foreground ability,Michael Johnson,Romance,03/10/68
479,Seamless systematic secured line,Kerry Warren,Fantasy,20/11/74
480,Reverse-engineered bandwidth-monitored toolset,Michael Johnson,Romance,14/07/46
481,Reactive background array,Kerry Warren,Horror,30/05/82
482,Vision-oriented neutral leverage,Andrew Adams,Horror,19/05/90
483,Intuitive client-driven moratorium,Andrew Adams,Horror,28/03/44
484,Up-sized system-worthy algorithm,Michael Johnson,Fantasy,20/02/74
485,Expanded grid-enabled analyzer,Andrew Adams,Horror,22/10/73
486,Enhanced human-resource analyzer,Kerry Warren,Horror,02/09/58
487,Persistent intermediate encoding,Andrew Adams,Horror,16/10/26
488,Fully-configurable attitude-oriented alliance,Danielle Lee,Horror,23/11/14
489,Versatile bi-directional concept,Danielle Lee,Thriller,25/07/94
490,Vision-oriented fresh-thinking process improvement,Andrew Adams,Mystery,26/11/90
491,De-engineered zero-defect database,Michael Johnson,Thriller,29/04/80
492,Right-sized transitional orchestration,Kerry Warren,Mystery,26/11/80
493,Profit-focused regional synergy,Danielle Lee,Science Fiction,26/07/74
494,Persistent neutral concept,Kerry Warren,Science Fiction,22/02/09
495,Compatible clear-thinking protocol,Andrew Adams,Thriller,27/11/03
496,Multi-layered dedicated hardware,Andrew Adams,Horror,08/11/06
497,Ameliorated asynchronous paradigm,Danielle Lee,Science Fiction,04/11/84
498,Balanced cohesive alliance,Kerry Warren,Horror,10/11/68
499,Business-focused systemic instruction set,Andrew Adams,Romance,12/10/60
500,Visionary multi-state frame,Danielle Lee,Thriller,19/12/69
501,Object-based content-based hardware,Kerry Warren,Fantasy,26/09/56
502,User-friendly context-sensitive neural-net,Danielle Lee,Science Fiction,26/01/11
503,Fundamental didactic pricing structure,Michael Johnson,Horror,24/08/17
504,Horizontal intangible customer loyalty,Kerry Warren,Horror,16/01/02
505,Progressive holistic Graphic Interface,Michael Johnson,Mystery,27/06/51
506,Distributed contextually-based matrix,Kerry Warren,Science Fiction,09/03/36
507,Robust intangible framework,Kerry Warren,Mystery,22/01/93
508,Innovative multi-tasking policy,Kerry Warren,Fantasy,16/10/60
509,Customizable human-resource matrix,Kerry Warren,Horror,18/07/92
510,Pre-emptive modular process improvement,Michael Johnson,Fantasy,13/01/85
511,Business-focused background Graphical User Interface,Michael Johnson,Romance,03/08/89
512,Versatile client-driven definition,Kerry Warren,Horror,23/01/84
513,Business-focused client-driven task-force,Michael Johnson,Thriller,01/02/14
514,Right-sized national conglomeration,Michael Johnson,Mystery,12/03/58
515,Customer-focused systematic array,Michael Johnson,Science Fiction,14/12/15
516,Persistent web-enabled function,Michael Johnson,Romance,14/10/68
517,Face-to-face asynchronous alliance,Michael Johnson,Romance,24/10/27
518,Open-source encompassing workforce,Danielle Lee,Science Fiction,11/09/20
519,Synergized context-sensitive success,Danielle Lee,Thriller,06/03/98
520,Progressive web-enabled benchmark,Michael Johnson,Romance,15/09/98
521,Customer-focused even-keeled application,Andrew Adams,Horror,02/05/86
522,Customizable uniform framework,Kerry Warren,Fantasy,03/03/19
523,Configurable next generation conglomeration,Kerry Warren,Mystery,02/02/04
524,Networked encompassing analyzer,Kerry Warren,Fantasy,06/08/35
525,Organized dedicated implementation,Andrew Adams,Romance,24/09/11
526,Persistent bi-directional customer loyalty,Andrew Adams,Horror,14/05/01
527,Cloned radical analyzer,Andrew Adams,Science Fiction,14/03/84
528,Compatible eco-centric artificial intelligence,Michael Johnson,Horror,06/07/91
529,Right-sized scalable database,Danielle Lee,Mystery,18/04/52
530,Persistent intangible leverage,Michael Johnson,Romance,07/04/81
531,Devolved explicit definition,Andrew Adams,Mystery,11/07/98
532,Multi-channeled even-keeled function,Danielle Lee,Horror,25/06/95
533,Future-proofed hybrid workforce,Michael Johnson,Horror,24/05/94
534,Secured fault-tolerant project,Michael Johnson,Science Fiction,03/02/96
535,Configurable 3rdgeneration software,Michael Johnson,Science Fiction,01/01/42
536,Managed neutral customer loyalty,Danielle Lee,Fantasy,15/06/52
537,Proactive homogeneous frame,Andrew Adams,Thriller,17/08/51
538,Quality-focused human-resource frame,Kerry Warren,Romance,03/02/97
539,Grass-roots 24/7 contingency,Kerry Warren,Science Fiction,17/12/50
540,Expanded grid-enabled array,Andrew Adams,Horror,28/07/60
541,Pre-emptive context-sensitive Local Area Network,Kerry Warren,Science Fiction,12/02/91
542,Profit-focused radical emulation,Michael Johnson,Science Fiction,25/07/65
543,Business-focused coherent array,Andrew Adams,Mystery,25/02/10
544,Monitored optimal pricing structure,Kerry Warren,Horror,23/04/84
545,De-engineered empowering hub,Michael Johnson,Fantasy,18/10/81
546,Organic radical functionalities,Andrew Adams,Horror,19/06/26
547,Inverse modular projection,Michael Johnson,Horror,05/01/42
548,Cross-platform reciprocal parallelism,Andrew Adams,Horror,30/10/37
549,Visionary content-based standardization,Kerry Warren,Science Fiction,20/07/30
550,Customer-focused coherent encoding,Danielle Lee,Fantasy,03/04/14
551,Re-contextualized maximized system engine,Andrew Adams,Fantasy,12/11/69
552,Implemented zero-defect adapter,Andrew Adams,Science Fiction,14/03/61
553,Polarized fresh-thinking open architecture,Kerry Warren,Science Fiction,27/03/75
554,Organic 6thgeneration application,Andrew Adams,Science Fiction,02/01/52
555,Integrated neutral capability,Danielle Lee,Thriller,28/11/81
556,Cross-group static algorithm,Andrew Adams,Fantasy,16/12/77
557,Multi-lateral exuding core,Michael Johnson,Mystery,17/11/89
558,Multi-channeled optimizing project,Kerry Warren,Romance,07/11/33
559,Cross-platform asymmetric concept,Michael Johnson,Horror,17/10/03
560,Adaptive homogeneous hardware,Kerry Warren,Romance,24/11/65
561,Programmable background adapter,Kerry Warren,Romance,27/12/05
562,Synergistic system-worthy moratorium,Danielle Lee,Fantasy,21/08/40
563,Intuitive human-resource hardware,Andrew Adams,Romance,21/02/17
564,Automated non-volatile installation,Michael Johnson,Science Fiction,12/08/63
565,Focused coherent help-desk,Danielle Lee,Romance,17/10/03
566,Stand-alone radical algorithm,Danielle Lee,Mystery,10/03/82
567,Focused systemic middleware,Michael Johnson,Thriller,08/05/67
568,Reduced neutral matrix,Danielle Lee,Mystery,19/02/77
569,Phased bandwidth-monitored matrices,Michael Johnson,Thriller,20/08/54
570,Intuitive attitude-oriented circuit,Michael Johnson,Fantasy,27/01/99
571,Team-oriented contextually-based model,Danielle Lee,Science Fiction,16/05/81
572,Monitored cohesive artificial intelligence,Michael Johnson,Horror,06/07/77
573,Exclusive fault-tolerant secured line,Michael Johnson,Fantasy,09/04/58
574,Grass-roots scalable policy,Kerry Warren,Fantasy,01/08/65
575,Reduced 24/7 Local Area Network,Kerry Warren,Science Fiction,01/09/44
576,Extended coherent encryption,Andrew Adams,Fantasy,15/12/07
577,Grass-roots local parallelism,Andrew Adams,Science Fiction,20/05/26
578,Function-based tangible portal,Andrew Adams,Horror,13/04/23
579,Down-sized holistic flexibility,Danielle Lee,Fantasy,02/09/79
580,Synchronized cohesive paradigm,Andrew Adams,Science Fiction,04/06/82
581,Future-proofed local analyzer,Kerry Warren,Romance,17/07/67
582,Universal fresh-thinking moderator,Michael Johnson,Science Fiction,21/07/86
583,Cloned 24/7 function,Danielle Lee,Horror,01/04/93
584,Ergonomic neutral access,Kerry Warren,Horror,17/11/59
585,Focused leadingedge access,Andrew Adams,Science Fiction,05/03/35
586,Enhanced cohesive focus group,Kerry Warren,Horror,08/05/71
587,Enhanced 6thgeneration data-warehouse,Kerry Warren,Mystery,07/05/17
588,Reverse-engineered dynamic benchmark,Andrew Adams,Thriller,16/11/06
589,Horizontal client-driven application,Kerry Warren,Thriller,22/12/35
590,Customer-focused solution-oriented concept,Danielle Lee,Romance,10/03/08
591,Digitized 24hour intranet,Danielle Lee,Romance,10/08/92
592,Down-sized stable migration,Danielle Lee,Mystery,26/11/73
593,Open-architected analyzing task-force,Kerry Warren,Horror,03/09/03
594,Phased tangible firmware,Kerry Warren,Fantasy,17/12/41
595,Phased 24/7 capacity,Kerry Warren,Science Fiction,23/10/58
596,Integrated zero tolerance approach,Kerry Warren,Romance,22/05/00
597,Switchable directional complexity,Danielle Lee,Mystery,21/07/87
598,Function-based motivating encoding,Michael Johnson,Horror,25/01/13
599,Adaptive user-facing productivity,Michael Johnson,Horror,17/07/55
600,Fully-configurable 4thgeneration array,Andrew Adams,Mystery,25/10/16
601,Function-based value-added superstructure,Michael Johnson,Romance,17/02/86
602,Front-line attitude-oriented parallelism,Michael Johnson,Romance,16/07/37
603,Progressive directional methodology,Kerry Warren,Horror,20/11/78
604,Integrated solution-oriented product,Danielle Lee,Science Fiction,09/10/66
605,Versatile upward-trending software,Andrew Adams,Mystery,18/09/11
606,Business-focused actuating customer loyalty,Kerry Warren,Horror,10/09/45
607,Balanced well-modulated matrix,Andrew Adams,Fantasy,09/07/42
608,Robust mobile structure,Michael Johnson,Horror,19/02/29
609,Compatible uniform model,Danielle Lee,Science Fiction,20/02/25
610,Business-focused grid-enabled portal,Michael Johnson,Thriller,01/09/77
611,Intuitive discrete strategy,Kerry Warren,Mystery,19/04/53
612,Reduced clear-thinking frame,Danielle Lee,Horror,07/06/50
613,Devolved non-volatile solution,Danielle Lee,Mystery,16/10/96
614,Future-proofed full-range model,Danielle Lee,Romance,12/09/58
615,Exclusive foreground open system,Danielle Lee,Fantasy,22/06/07
616,Sharable logistical data-warehouse,Michael Johnson,Fantasy,20/07/63
617,Quality-focused homogeneous throughput,Kerry Warren,Science Fiction,10/09/24
618,Open-architected national knowledgebase,Kerry Warren,Fantasy,14/05/96
619,Focused eco-centric interface,Danielle Lee,Fantasy,05/03/86
620,Self-enabling fault-tolerant flexibility,Danielle Lee,Mystery,01/11/43
621,Profit-focused neutral pricing structure,Andrew Adams,Thriller,07/07/59
622,Multi-tiered intermediate installation,Danielle Lee,Romance,07/03/08
623,Customer-focused directional encryption,Kerry Warren,Mystery,14/10/21
624,Right-sized global orchestration,Kerry Warren,Horror,15/11/19
625,Monitored coherent system engine,Michael Johnson,Science Fiction,20/10/94
626,Synchronized intermediate website,Danielle Lee,Romance,02/10/31
627,Inverse grid-enabled approach,Michael Johnson,Mystery,22/03/14
628,Upgradable upward-trending access,Andrew Adams,Thriller,03/10/20
629,Multi-layered national leverage,Danielle Lee,Thriller,25/01/98
630,Re-contextualized stable database,Andrew Adams,Mystery,02/10/42
631,Visionary tangible Internet solution,Andrew Adams,Science Fiction,21/02/21
632,Open-architected responsive neural-net,Andrew Adams,Thriller,09/08/25
633,Integrated clear-thinking collaboration,Danielle Lee,Romance,06/11/04
634,Digitized fresh-thinking capacity,Andrew Adams,Thriller,24/05/49
635,Adaptive zero administration matrix,Michael Johnson,Romance,23/04/43
636,Ameliorated upward-trending adapter,Kerry Warren,Science Fiction,06/03/64
637,Customizable attitude-oriented knowledgebase,Andrew Adams,Mystery,11/07/14
638,Vision-oriented bandwidth-monitored Local Area Network,Kerry Warren,Horror,01/08/69
639,Optimized solution-oriented strategy,Kerry Warren,Mystery,01/07/83
640,Proactive homogeneous circuit,Michael Johnson,Thriller,26/12/41
641,Grass-roots motivating monitoring,Michael Johnson,Fantasy,02/08/92
642,Reactive systematic paradigm,Michael Johnson,Horror,09/02/41
643,Cloned real-time utilization,Kerry Warren,Horror,29/07/22
644,Open-architected motivating application,Kerry Warren,Fantasy,27/04/74
645,Universal didactic hardware,Michael Johnson,Mystery,18/11/90
646,Versatile background Local Area Network,Danielle Lee,Science Fiction,05/07/45
647,Public-key cohesive task-force,Andrew Adams,Fantasy,28/02/89
648,Team-oriented 5thgeneration forecast,Kerry Warren,Romance,11/09/56
649,Implemented high-level Internet solution,Andrew Adams,Horror,28/09/34
650,Devolved needs-based contingency,Kerry Warren,Mystery,28/05/50
651,Digitized incremental superstructure,Michael Johnson,Romance,14/07/84
652,User-friendly stable concept,Andrew Adams,Science Fiction,21/01/32
653,Adaptive tertiary extranet,Michael Johnson,Fantasy,09/08/50
654,Upgradable 5thgeneration knowledge user,Andrew Adams,Romance,02/02/64
655,Fully-configurable 24/7 Local Area Network,Andrew Adams,Horror,06/01/58
656,Object-based empowering utilization,Kerry Warren,Thriller,02/09/41
657,Quality-focused solution-oriented migration,Michael Johnson,Fantasy,28/08/92
658,Profound bi-directional capacity,Kerry Warren,Horror,20/11/70
659,Function-based local challenge,Danielle Lee,Horror,10/01/93
660,Ergonomic reciprocal middleware,Kerry Warren,Mystery,11/10/84
661,Reduced tertiary interface,Andrew Adams,Mystery,16/08/55
662,Streamlined optimal matrix,Andrew Adams,Thriller,17/01/91
663,Extended local project,Kerry Warren,Science Fiction,15/08/11
664,Phased user-facing initiative,Kerry Warren,Science Fiction,02/11/85
665,Fully-configurable logistical access,Andrew Adams,Mystery,29/10/29
666,Innovative neutral complexity,Andrew Adams,Romance,21/03/37
667,Expanded cohesive installation,Andrew Adams,Romance,18/08/23
668,Up-sized multimedia encoding,Danielle Lee,Fantasy,24/04/43
669,Expanded modular policy,Kerry Warren,Horror,18/04/53
670,De-engineered uniform Local Area Network,Danielle Lee,Science Fiction,14/04/81
671,Integrated secondary access,Michael Johnson,Science Fiction,10/06/53
672,Grass-roots 4thgeneration flexibility,Danielle Lee,Fantasy,10/07/69
673,Persistent optimal implementation,Andrew Adams,Mystery,12/03/86
674,Enterprise-wide executive middleware,Andrew Adams,Horror,28/07/37
675,Streamlined human-resource toolset,Andrew Adams,Thriller,04/11/89
676,Customizable 24/7 project,Andrew Adams,Romance,26/05/11
677,Progressive global budgetary management,Andrew Adams,Thriller,08/08/44
678,Compatible static neural-net,Danielle Lee,Romance,02/04/75
679,Fully-configurable systemic hub,Kerry Warren,Mystery,08/04/35
680,Pre-emptive disintermediate benchmark,Andrew Adams,Fantasy,16/12/08
681,Cloned optimizing projection,Kerry Warren,Science Fiction,08/06/87
682,Mandatory discrete success,Kerry Warren,Horror,15/04/23
683,Streamlined mobile array,Andrew Adams,Science Fiction,17/10/49
684,Streamlined even-keeled support,Andrew Adams,Fantasy,04/03/10
685,Extended reciprocal frame,Michael Johnson,Romance,13/11/56
686,Assimilated systemic support,Kerry Warren,Mystery,14/09/33
687,Cross-group user-facing contingency,Danielle Lee,Romance,12/04/25
688,Synchronized scalable approach,Andrew Adams,Science Fiction,20/02/87
689,Centralized 24/7 neural-net,Andrew Adams,Mystery,04/01/88
690,Enhanced multimedia contingency,Kerry Warren,Thriller,17/10/46
691,Total multi-state info-mediaries,Kerry Warren,Horror,30/04/78
692,Right-sized full-range data-warehouse,Andrew Adams,Mystery,25/11/76
693,Automated uniform flexibility,Danielle Lee,Horror,29/10/28
694,Customizable bi-directional flexibility,Danielle Lee,Fantasy,05/08/59
695,Triple-buffered optimal standardization,Kerry Warren,Horror,24/02/74
696,Grass-roots directional framework,Danielle Lee,Romance,25/08/83
697,Digitized bottom-line workforce,Kerry Warren,Thriller,08/11/98
698,Intuitive uniform intranet,Andrew Adams,Horror,18/10/95
699,Up-sized encompassing portal,Kerry Warren,Science Fiction,29/12/76
700,Customizable motivating website,Michael Johnson,Thriller,01/12/63
701,Up-sized client-server support,Michael Johnson,Thriller,01/08/07
702,Persevering zero administration complexity,Kerry Warren,Science Fiction,30/07/06
703,Seamless contextually-based website,Michael Johnson,Romance,18/01/48
704,Customizable directional implementation,Kerry Warren,Science Fiction,25/04/80
705,Assimilated directional support,Andrew Adams,Thriller,22/05/16
706,Triple-buffered eco-centric workforce,Kerry Warren,Mystery,27/11/26
707,Digitized leadingedge open architecture,Kerry Warren,Fantasy,06/06/21
708,Self-enabling eco-centric throughput,Danielle Lee,Fantasy,14/06/13
709,Synchronized tangible pricing structure,Danielle Lee,Mystery,10/04/90
710,User-centric systematic functionalities,Danielle Lee,Horror,12/07/48
711,Open-source national architecture,Michael Johnson,Science Fiction,10/05/44
712,Cross-platform eco-centric flexibility,Danielle Lee,Romance,01/12/35
713,Re-contextualized neutral definition,Kerry Warren,Horror,21/07/74
714,Adaptive disintermediate algorithm,Kerry Warren,Mystery,20/05/16
715,Universal regional toolset,Kerry Warren,Thriller,23/01/95
716,Grass-roots upward-trending portal,Andrew Adams,Thriller,10/11/29
717,Persevering local monitoring,Danielle Lee,Thriller,12/06/07
718,Ergonomic asynchronous software,Kerry Warren,Horror,02/03/77
719,Automated actuating solution,Danielle Lee,Fantasy,30/05/00
720,Upgradable bandwidth-monitored info-mediaries,Andrew Adams,Mystery,09/07/69
721,Polarized leadingedge approach,Danielle Lee,Horror,27/06/39
722,Phased bifurcated neural-net,Kerry Warren,Thriller,08/03/27
723,Open-source clear-thinking utilization,Kerry Warren,Thriller,05/04/45
724,Centralized exuding neural-net,Danielle Lee,Romance,24/12/82
725,User-centric executive approach,Andrew Adams,Science Fiction,01/01/85
726,Optional mobile website,Kerry Warren,Mystery,15/03/43
727,Configurable background strategy,Michael Johnson,Thriller,08/02/98
728,Inverse even-keeled monitoring,Andrew Adams,Fantasy,26/11/21
729,Managed bi-directional initiative,Danielle Lee,Mystery,07/03/47
730,Fully-configurable analyzing alliance,Danielle Lee,Romance,31/01/28
731,Fully-configurable reciprocal software,Andrew Adams,Romance,07/11/50
732,Innovative zero-defect success,Danielle Lee,Thriller,19/11/82
733,Profit-focused attitude-oriented archive,Michael Johnson,Horror,13/10/06
734,Secured tangible approach,Michael Johnson,Science Fiction,27/07/19
735,Re-engineered explicit flexibility,Kerry Warren,Mystery,05/12/25
736,Devolved asynchronous capacity,Michael Johnson,Mystery,17/05/91
737,Automated empowering collaboration,Danielle Lee,Fantasy,04/08/24
738,Devolved radical architecture,Andrew Adams,Fantasy,13/08/19
739,Future-proofed hybrid concept,Kerry Warren,Romance,03/03/96
740,Digitized logistical focus group,Kerry Warren,Science Fiction,27/10/83
741,Extended methodical alliance,Michael Johnson,Romance,20/03/48
742,Networked bifurcated service-desk,Andrew Adams,Science Fiction,18/04/65
743,Persistent mission-critical info-mediaries,Kerry Warren,Horror,22/01/18
744,Grass-roots 24/7 installation,Kerry Warren,Fantasy,08/06/65
745,Secured web-enabled paradigm,Danielle Lee,Horror,03/04/49
746,Programmable interactive utilization,Andrew Adams,Fantasy,04/08/35
747,Extended 5thgeneration knowledgebase,Kerry Warren,Romance,20/11/22
748,Upgradable zero administration methodology,Kerry Warren,Romance,28/02/47
749,Networked client-driven productivity,Danielle Lee,Fantasy,19/06/69
750,Universal client-server data-warehouse,Michael Johnson,Horror,16/06/99
751,Down-sized methodical info-mediaries,Michael Johnson,Romance,19/06/82
752,Cloned attitude-oriented service-desk,Michael Johnson,Mystery,07/11/94
753,Organic needs-based focus group,Kerry Warren,Romance,08/03/72
754,Innovative actuating task-force,Danielle Lee,Horror,17/11/73
755,Secured impactful interface,Michael Johnson,Fantasy,12/06/17
756,Integrated web-enabled instruction set,Andrew Adams,Thriller,04/01/37
757,Upgradable grid-enabled software,Michael Johnson,Romance,13/08/50
758,Upgradable client-server hierarchy,Michael Johnson,Mystery,15/07/71
759,Versatile optimal system engine,Andrew Adams,Mystery,16/12/61
760,Fully-configurable human-resource superstructure,Kerry Warren,Thriller,20/07/32
761,Upgradable hybrid adapter,Andrew Adams,Science Fiction,07/11/82
762,Business-focused system-worthy conglomeration,Kerry Warren,Science Fiction,04/04/77
763,Optional multi-tasking intranet,Andrew Adams,Mystery,12/03/15
764,Horizontal empowering toolset,Kerry Warren,Romance,20/04/47
765,Public-key executive support,Michael Johnson,Mystery,27/04/99
766,Assimilated multimedia database,Kerry Warren,Science Fiction,01/09/23
767,Total fault-tolerant product,Michael Johnson,Thriller,03/05/32
768,Organized optimal data-warehouse,Andrew Adams,Mystery,12/07/28
769,Intuitive empowering Graphic Interface,Michael Johnson,Mystery,10/04/66
770,Networked intangible approach,Michael Johnson,Thriller,23/09/68
771,Focused composite frame,Andrew Adams,Mystery,16/02/16
772,De-engineered zero-defect website,Danielle Lee,Science Fiction,13/05/01
773,Triple-buffered value-added moderator,Michael Johnson,Horror,11/04/82
774,Automated client-server emulation,Kerry Warren,Horror,24/01/56
775,Open-architected maximized support,Danielle Lee,Romance,27/11/78
776,Diverse encompassing instruction set,Michael Johnson,Mystery,24/09/32
777,Digitized bi-directional website,Danielle Lee,Horror,01/08/03
778,Polarized asymmetric function,Michael Johnson,Fantasy,26/07/62
779,Realigned neutral instruction set,Andrew Adams,Horror,18/07/28
780,De-engineered optimal instruction set,Kerry Warren,Horror,08/06/85
781,Polarized hybrid analyzer,Michael Johnson,Mystery,07/11/52
782,Operative demand-driven portal,Kerry Warren,Thriller,10/09/39
783,Universal explicit structure,Danielle Lee,Horror,13/02/76
784,Proactive intermediate frame,Michael Johnson,Thriller,11/02/01
785,Realigned client-driven projection,Michael Johnson,Science Fiction,18/04/74
786,Mandatory 5thgeneration conglomeration,Andrew Adams,Fantasy,31/08/92
787,Ameliorated asymmetric info-mediaries,Kerry Warren,Thriller,08/07/51
788,Balanced bottom-line analyzer,Andrew Adams,Fantasy,25/03/42
789,Multi-lateral high-level ability,Michael Johnson,Horror,22/04/86
790,Persevering logistical budgetary management,Kerry Warren,Fantasy,11/06/69
791,Profit-focused asymmetric process improvement,Danielle Lee,Science Fiction,19/11/53
792,Customer-focused explicit matrices,Michael Johnson,Fantasy,22/04/27
793,Automated needs-based encoding,Danielle Lee,Mystery,12/03/01
794,Right-sized asymmetric solution,Michael Johnson,Thriller,22/03/31
795,Open-architected fresh-thinking definition,Michael Johnson,Thriller,26/07/77
796,Right-sized incremental intranet,Danielle Lee,Mystery,20/08/48
797,Re-engineered heuristic customer loyalty,Kerry Warren,Thriller,04/03/86
798,Monitored full-range Local Area Network,Andrew Adams,Romance,25/10/56
799,Reduced solution-oriented contingency,Danielle Lee,Fantasy,03/06/18
800,Synchronized upward-trending time-frame,Michael Johnson,Fantasy,22/08/59
801,Front-line dedicated protocol,Andrew Adams,Horror,02/09/15
802,Enhanced context-sensitive hub,Kerry Warren,Horror,14/12/30
803,Monitored client-server protocol,Andrew Adams,Thriller,11/06/50
804,Persistent real-time Graphic Interface,Michael Johnson,Romance,06/09/08
805,Assimilated system-worthy archive,Michael Johnson,Thriller,18/05/26
806,Sharable modular structure,Kerry Warren,Thriller,06/09/36
807,Cloned systematic emulation,Kerry Warren,Fantasy,27/01/92
808,Down-sized cohesive pricing structure,Michael Johnson,Science Fiction,21/03/65
809,Object-based national matrices,Andrew Adams,Science Fiction,11/04/18
810,Open-source full-range emulation,Andrew Adams,Romance,14/03/63
811,Integrated stable info-mediaries,Kerry Warren,Mystery,03/08/27
812,Multi-layered object-oriented complexity,Andrew Adams,Horror,03/03/13
813,Down-sized multi-tasking moratorium,Andrew Adams,Fantasy,13/12/77
814,Sharable regional access,Michael Johnson,Romance,04/12/68
815,Programmable well-modulated interface,Andrew Adams,Mystery,05/12/87
816,Distributed neutral website,Kerry Warren,Science Fiction,24/11/83
817,Synergistic context-sensitive open architecture,Danielle Lee,Thriller,15/05/19
818,Mandatory zero administration open system,Andrew Adams,Fantasy,27/01/80
819,Persistent stable frame,Michael Johnson,Horror,17/07/91
820,Profound zero-defect synergy,Michael Johnson,Mystery,05/08/09
821,De-engineered foreground function,Kerry Warren,Thriller,20/01/20
822,Synergized national alliance,Kerry Warren,Science Fiction,02/08/12
823,Robust multi-state help-desk,Michael Johnson,Romance,19/12/53
824,Quality-focused multi-tasking access,Michael Johnson,Science Fiction,12/08/95
825,Distributed coherent policy,Kerry Warren,Science Fiction,07/10/14
826,Diverse impactful task-force,Kerry Warren,Horror,10/11/23
827,Fundamental reciprocal help-desk,Danielle Lee,Science Fiction,16/12/46
828,Profound responsive definition,Andrew Adams,Thriller,13/07/97
829,Focused 4thgeneration budgetary management,Michael Johnson,Horror,25/03/89
830,Stand-alone contextually-based core,Danielle Lee,Thriller,21/01/76
831,Profit-focused national emulation,Michael Johnson,Thriller,07/01/76
832,Intuitive grid-enabled capability,Kerry Warren,Romance,15/09/80
833,Inverse motivating methodology,Michael Johnson,Fantasy,05/04/86
834,Synergistic systemic knowledge user,Michael Johnson,Fantasy,15/08/12
835,Down-sized maximized protocol,Andrew Adams,Horror,31/08/83
836,Robust mission-critical core,Kerry Warren,Horror,27/01/78
837,Object-based systematic structure,Danielle Lee,Thriller,25/07/88
838,Cross-platform real-time concept,Andrew Adams,Romance,16/02/84
839,Optional fault-tolerant standardization,Michael Johnson,Thriller,20/08/15
840,Integrated 24/7 matrix,Danielle Lee,Fantasy,23/11/85
841,Focused exuding implementation,Andrew Adams,Thriller,14/05/67
842,Ameliorated uniform support,Kerry Warren,Mystery,20/09/93
843,Cross-group tangible architecture,Andrew Adams,Mystery,19/02/57
844,Stand-alone directional benchmark,Andrew Adams,Horror,20/06/23
845,Proactive national synergy,Michael Johnson,Science Fiction,03/02/00
846,Proactive next generation array,Danielle Lee,Horror,14/09/31
847,Reverse-engineered content-based product,Danielle Lee,Thriller,06/01/13
848,Decentralized maximized circuit,Michael Johnson,Science Fiction,28/07/20
849,Optimized demand-driven attitude,Andrew Adams,Science Fiction,07/05/86
850,Automated human-resource support,Danielle Lee,Fantasy,19/09/95
851,Right-sized dedicated process improvement,Andrew Adams,Science Fiction,03/03/32
852,Devolved system-worthy success,Kerry Warren,Horror,21/02/74
853,Switchable disintermediate hardware,Kerry Warren,Fantasy,03/07/01
854,Fundamental explicit orchestration,Danielle Lee,Thriller,06/08/66
855,Diverse homogeneous orchestration,Kerry Warren,Horror,18/07/35
856,Versatile incremental conglomeration,Kerry Warren,Mystery,30/12/12
857,Seamless modular open system,Danielle Lee,Science Fiction,23/09/02
858,Advanced modular utilization,Andrew Adams,Thriller,27/03/79
859,Programmable 4thgeneration definition,Andrew Adams,Science Fiction,07/07/83
860,Synergized methodical Graphic Interface,Andrew Adams,Mystery,11/09/25
861,Operative systematic info-mediaries,Kerry Warren,Romance,12/09/69
862,Programmable real-time secured line,Michael Johnson,Mystery,25/06/02
863,Fully-configurable well-modulated extranet,Danielle Lee,Fantasy,05/04/70
864,Object-based 24/7 adapter,Andrew Adams,Fantasy,13/08/05
865,Customer-focused interactive monitoring,Kerry Warren,Science Fiction,24/02/81
866,Progressive motivating project,Michael Johnson,Science Fiction,11/02/52
867,Visionary logistical standardization,Kerry Warren,Fantasy,06/10/78
868,Devolved multimedia access,Andrew Adams,Thriller,07/02/20
869,Horizontal incremental artificial intelligence,Michael Johnson,Horror,10/06/08
870,Mandatory intermediate contingency,Michael Johnson,Horror,06/01/12
871,Synergistic 6thgeneration utilization,Danielle Lee,Thriller,15/07/38
872,Open-architected human-resource encryption,Kerry Warren,Thriller,26/04/96
873,Multi-layered eco-centric matrices,Michael Johnson,Mystery,17/05/24
874,Cross-platform systemic matrix,Kerry Warren,Fantasy,08/01/04
875,Object-based multimedia customer loyalty,Michael Johnson,Science Fiction,13/08/03
876,Front-line human-resource projection,Michael Johnson,Mystery,22/02/34
877,Reduced real-time instruction set,Andrew Adams,Science Fiction,24/08/67
878,Persistent local structure,Andrew Adams,Thriller,22/01/32
879,Inverse full-range functionalities,Michael Johnson,Thriller,01/01/42
880,Synergistic homogeneous Internet solution,Danielle Lee,Science Fiction,16/02/78
881,Robust user-facing Graphical User Interface,Kerry Warren,Science Fiction,23/03/46
882,Object-based 3rdgeneration initiative,Danielle Lee,Mystery,21/08/60
883,Secured exuding groupware,Danielle Lee,Mystery,13/10/54
884,Down-sized neutral attitude,Michael Johnson,Mystery,20/08/80
885,Monitored even-keeled methodology,Danielle Lee,Mystery,26/08/99
886,Cross-group 4thgeneration archive,Danielle Lee,Fantasy,31/01/77
887,Progressive methodical instruction set,Danielle Lee,Mystery,20/05/08
888,Ameliorated encompassing utilization,Michael Johnson,Mystery,20/05/98
889,Devolved 24hour framework,Danielle Lee,Science Fiction,30/01/47
890,Right-sized methodical projection,Danielle Lee,Science Fiction,14/01/40
891,Phased systemic toolset,Kerry Warren,Fantasy,10/01/99
892,Phased 24hour instruction set,Kerry Warren,Romance,19/05/67
893,Profit-focused scalable extranet,Michael Johnson,Thriller,09/12/80
894,Enterprise-wide composite methodology,Kerry Warren,Thriller,08/04/74
895,Customer-focused fresh-thinking secured line,Michael Johnson,Fantasy,01/12/15
896,User-centric regional artificial intelligence,Danielle Lee,Horror,06/05/76
897,Pre-emptive user-facing encryption,Kerry Warren,Mystery,29/04/35
898,Digitized encompassing protocol,Michael Johnson,Horror,29/11/35
899,Visionary full-range neural-net,Andrew Adams,Science Fiction,16/12/81
900,Inverse directional solution,Andrew Adams,Fantasy,03/11/12
901,Multi-lateral fault-tolerant system engine,Michael Johnson,Horror,07/08/98
902,Ergonomic dedicated core,Andrew Adams,Horror,29/05/43
903,Enterprise-wide systematic database,Kerry Warren,Mystery,11/03/78
904,Operative bi-directional artificial intelligence,Kerry Warren,Science Fiction,12/12/29
905,Cross-platform heuristic throughput,Michael Johnson,Fantasy,23/10/70
906,Multi-lateral well-modulated throughput,Michael Johnson,Thriller,07/10/07
907,Seamless object-oriented approach,Michael Johnson,Horror,29/01/67
908,Down-sized asynchronous knowledge user,Andrew Adams,Mystery,19/09/20
909,User-friendly encompassing framework,Michael Johnson,Fantasy,04/03/81
910,Visionary mobile product,Danielle Lee,Thriller,09/08/62
911,Intuitive systemic access,Michael Johnson,Horror,29/12/00
912,Advanced bottom-line flexibility,Michael Johnson,Science Fiction,24/05/08
913,Re-engineered intermediate knowledge user,Kerry Warren,Mystery,28/10/04
914,Reactive human-resource parallelism,Andrew Adams,Thriller,26/06/64
915,Object-based multi-tasking emulation,Danielle Lee,Romance,09/02/58
916,Customer-focused scalable knowledgebase,Michael Johnson,Horror,23/10/64
917,Phased real-time concept,Michael Johnson,Romance,05/10/25
918,Profound encompassing benchmark,Danielle Lee,Fantasy,14/10/16
919,Public-key needs-based system engine,Danielle Lee,Science Fiction,08/10/45
920,Fully-configurable background focus group,Michael Johnson,Science Fiction,04/02/11
921,Diverse non-volatile concept,Kerry Warren,Mystery,27/05/71
922,Balanced regional monitoring,Andrew Adams,Thriller,17/01/28
923,Universal global orchestration,Michael Johnson,Thriller,18/11/69
924,Universal well-modulated portal,Kerry Warren,Horror,14/07/54
925,Quality-focused responsive capability,Andrew Adams,Thriller,20/01/16
926,Enhanced non-volatile policy,Danielle Lee,Thriller,10/09/06
927,Fundamental interactive ability,Michael Johnson,Thriller,08/05/42
928,Persistent value-added installation,Danielle Lee,Horror,19/07/33
929,Re-contextualized asynchronous circuit,Danielle Lee,Thriller,04/12/66
930,Automated asymmetric portal,Danielle Lee,Horror,09/10/20
931,Sharable maximized artificial intelligence,Kerry Warren,Mystery,24/02/49
932,Innovative holistic knowledge user,Kerry Warren,Science Fiction,18/01/55
933,Open-source background architecture,Michael Johnson,Science Fiction,30/01/75
934,Expanded discrete project,Michael Johnson,Thriller,27/09/39
935,Optimized client-server architecture,Michael Johnson,Romance,04/10/60
936,Optimized bi-directional workforce,Kerry Warren,Mystery,14/04/97
937,Programmable tertiary model,Andrew Adams,Fantasy,26/11/73
938,Ergonomic neutral frame,Kerry Warren,Science Fiction,02/07/97
939,Persevering maximized website,Michael Johnson,Thriller,25/01/31
940,Cross-platform local core,Danielle Lee,Science Fiction,25/03/30
941,Managed 24/7 intranet,Andrew Adams,Mystery,16/07/16
942,Distributed client-driven time-frame,Danielle Lee,Thriller,24/12/04
943,Object-based foreground intranet,Andrew Adams,Science Fiction,28/06/79
944,Enhanced attitude-oriented structure,Danielle Lee,Thriller,01/10/65
945,Virtual uniform moratorium,Andrew Adams,Science Fiction,30/05/85
946,Customizable multimedia alliance,Kerry Warren,Horror,06/06/49
947,Team-oriented analyzing synergy,Kerry Warren,Thriller,04/08/39
948,Multi-channeled mobile portal,Kerry Warren,Horror,26/06/34
949,Face-to-face regional encryption,Andrew Adams,Romance,24/09/46
950,Pre-emptive regional throughput,Michael Johnson,Romance,26/07/02
951,Ameliorated regional process improvement,Michael Johnson,Thriller,28/07/45
952,Public-key reciprocal conglomeration,Michael Johnson,Romance,16/10/12
953,Profound client-server ability,Andrew Adams,Fantasy,28/10/93
954,Business-focused leadingedge moratorium,Kerry Warren,Thriller,07/04/00
955,Polarized modular conglomeration,Danielle Lee,Horror,27/10/63
956,Horizontal system-worthy structure,Kerry Warren,Horror,11/12/64
957,Distributed responsive flexibility,Andrew Adams,Mystery,30/04/84
958,Function-based tangible leverage,Andrew Adams,Mystery,10/03/22
959,Robust fresh-thinking utilization,Michael Johnson,Fantasy,08/10/92
960,Proactive 4thgeneration parallelism,Michael Johnson,Horror,10/10/76
961,Intuitive solution-oriented info-mediaries,Michael Johnson,Thriller,01/03/94
962,Ergonomic maximized concept,Kerry Warren,Fantasy,25/08/08
963,Vision-oriented tangible benchmark,Danielle Lee,Mystery,04/10/86
964,Public-key bottom-line workforce,Andrew Adams,Horror,28/01/48
965,Versatile coherent instruction set,Danielle Lee,Romance,30/05/79
966,Enterprise-wide contextually-based monitoring,Andrew Adams,Thriller,14/04/22
967,De-engineered grid-enabled system engine,Michael Johnson,Horror,15/04/03
968,Monitored systematic projection,Kerry Warren,Horror,31/01/29
969,Function-based radical support,Danielle Lee,Horror,29/04/04
970,Decentralized transitional policy,Andrew Adams,Science Fiction,13/03/81
971,Customizable analyzing array,Danielle Lee,Romance,21/09/79
972,De-engineered human-resource focus group,Michael Johnson,Thriller,13/04/51
973,Team-oriented global ability,Kerry Warren,Thriller,30/12/87
974,Persistent tangible alliance,Andrew Adams,Mystery,12/06/67
975,Object-based mission-critical orchestration,Michael Johnson,Mystery,23/10/60
976,Advanced intangible intranet,Michael Johnson,Science Fiction,07/07/06
977,Face-to-face regional knowledgebase,Kerry Warren,Mystery,25/05/10
978,Cross-platform high-level extranet,Kerry Warren,Horror,05/05/82
979,Assimilated demand-driven challenge,Michael Johnson,Romance,27/09/85
980,Front-line object-oriented analyzer,Andrew Adams,Science Fiction,28/10/63
981,Progressive exuding Local Area Network,Michael Johnson,Mystery,01/11/27
982,Quality-focused reciprocal parallelism,Danielle Lee,Romance,28/09/46
983,Operative even-keeled benchmark,Danielle Lee,Thriller,04/10/09
984,Vision-oriented radical challenge,Michael Johnson,Horror,19/08/20
985,Right-sized well-modulated superstructure,Andrew Adams,Romance,01/06/42
986,Integrated intangible Graphical User Interface,Kerry Warren,Mystery,08/09/42
987,Fundamental global circuit,Danielle Lee,Thriller,24/10/43
988,Reduced hybrid algorithm,Danielle Lee,Romance,01/10/30
989,Profound contextually-based superstructure,Michael Johnson,Science Fiction,30/08/33
990,Quality-focused tertiary moderator,Michael Johnson,Science Fiction,16/11/99
991,Intuitive zero-defect forecast,Danielle Lee,Mystery,11/09/51
992,Networked leadingedge ability,Michael Johnson,Mystery,25/06/36
993,Integrated next generation matrix,Kerry Warren,Fantasy,18/11/53
994,Ameliorated optimizing success,Kerry Warren,Science Fiction,08/12/84
995,Front-line incremental circuit,Kerry Warren,Thriller,20/02/54
996,Quality-focused didactic capability,Danielle Lee,Fantasy,01/04/63
997,Versatile mobile hub,Kerry Warren,Mystery,31/03/73
998,Open-architected uniform flexibility,Danielle Lee,Fantasy,21/11/88
999,Team-oriented multi-state core,Kerry Warren,Mystery,11/05/21
1000,De-engineered holistic moratorium,Andrew Adams,Science Fiction,07/03/61